State,Year,UPI_Volume_Million,UPI_Value_Crore
Andhra Pradesh,2016,1275,109420
Bihar,2016,5069,317200
Delhi,2016,6088,575606
Gujarat,2016,6696,483179
Karnataka,2016,5132,392820
Kerala,2016,2679,74260
Maharashtra,2016,4530,631627
Rajasthan,2016,7860,353574
Tamil Nadu,2016,4553,527002
Uttar Pradesh,2016,6516,369967
West Bengal,2016,3352,193474
Andhra Pradesh,2017,3025,473448
Bihar,2017,5294,796902
Delhi,2017,2098,657957
Gujarat,2017,543,745211
Karnataka,2017,3416,376251
Kerala,2017,816,274124
Maharashtra,2017,1140,361839
Rajasthan,2017,4105,723839
Tamil Nadu,2017,18,187623
Uttar Pradesh,2017,4777,232202
West Bengal,2017,2464,496444
Andhra Pradesh,2018,234,831868
Bihar,2018,6246,567956
Delhi,2018,4464,26222
Gujarat,2018,3657,795286
Karnataka,2018,2237,675977
Kerala,2018,4949,675820
Maharashtra,2018,7595,623195
Rajasthan,2018,3689,85301
Tamil Nadu,2018,6634,94380
Uttar Pradesh,2018,5128,823818
West Bengal,2018,6023,10082
Andhra Pradesh,2019,3741,58691
Bihar,2019,612,289127
Delhi,2019,6843,2684
Gujarat,2019,4526,380932
Karnataka,2019,7033,746671
Kerala,2019,4894,151034
Maharashtra,2019,175,830177
Rajasthan,2019,4347,357656
Tamil Nadu,2019,6655,565848
Uttar Pradesh,2019,6365,390045
West Bengal,2019,3433,235716
Andhra Pradesh,2020,2553,337010
Bihar,2020,3225,674350
Delhi,2020,5373,192265
Gujarat,2020,3457,389318
Karnataka,2020,6655,183890
Kerala,2020,5422,222223
Maharashtra,2020,7720,694073
Rajasthan,2020,7131,240575
Tamil Nadu,2020,2608,461572
Uttar Pradesh,2020,5593,223535
West Bengal,2020,2049,877707
Andhra Pradesh,2021,1922,712984
Bihar,2021,3467,134505
Delhi,2021,1287,146939
Gujarat,2021,6815,193251
Karnataka,2021,2781,527902
Kerala,2021,4353,310894
Maharashtra,2021,2278,312830
Rajasthan,2021,1986,289637
Tamil Nadu,2021,4589,630075
Uttar Pradesh,2021,7602,821156
West Bengal,2021,6753,713911
Andhra Pradesh,2022,1101,620210
Bihar,2022,7322,6561
Delhi,2022,7213,582603
Gujarat,2022,219,560955
Karnataka,2022,4507,80654
Kerala,2022,3243,429200
Maharashtra,2022,4720,147991
Rajasthan,2022,2830,875415
Tamil Nadu,2022,4695,554076
Uttar Pradesh,2022,4427,204287
West Bengal,2022,7743,253881
Andhra Pradesh,2023,3624,7446
Bihar,2023,5951,405968
Delhi,2023,7670,341174
Gujarat,2023,23,45533
Karnataka,2023,6719,774808
Kerala,2023,2645,529083
Maharashtra,2023,792,397426
Rajasthan,2023,2210,328489
Tamil Nadu,2023,1697,594731
Uttar Pradesh,2023,2712,277806
West Bengal,2023,6249,616346
